funding_million,team_size,market_size_billion,years_operating,founder_experience,success
102,22,52,2,14,0
179,66,148,9,9,1
92,38,160,2,15,0
14,90,370,0,11,0
106,46,14,4,19,0
71,15,178,3,4,0
188,98,412,8,1,1
20,44,366,8,9,0
102,49,53,4,0,0
121,75,408,9,6,1
74,61,335,3,16,1
87,67,22,6,15,0
116,6,30,5,2,0
99,9,191,3,13,0
103,6,260,9,9,0
151,73,205,1,6,1
130,95,59,0,16,1
149,32,471,3,5,1
52,41,264,3,3,0
1,76,466,0,16,0
87,8,12,5,8,0
157,72,119,3,3,1
37,50,415,0,6,0
129,92,462,0,1,1
191,62,290,0,16,1
187,84,338,7,7,1
20,62,248,9,14,0
160,7,354,7,14,1
57,75,127,1,7,0
21,84,75,6,15,0
88,80,361,7,18,1
48,4,204,7,10,0
58,6,49,9,1,0
169,58,79,6,16,1
187,22,441,4,15,1
14,26,479,0,14,0
189,3,241,8,12,1
189,41,349,6,14,1
174,60,154,1,3,1
189,14,274,5,15,1
50,75,96,1,11,0
107,82,214,0,3,0
54,12,294,6,2,0
63,87,209,1,16,0
130,12,343,1,17,1
50,13,88,4,17,0
134,25,306,4,16,1
20,45,264,6,11,0
72,19,425,0,3,0
166,55,390,7,11,1
17,45,325,2,19,0
131,8,428,3,14,1
88,93,377,8,15,1
59,53,320,3,4,0
13,55,157,9,14,0
8,32,156,4,16,0
89,51,139,6,17,1
52,44,121,3,4,0
129,82,65,0,12,1
83,70,107,8,18,1
91,18,147,3,12,0
110,83,137,8,17,1
187,22,411,5,13,1
198,37,162,0,3,1
171,96,428,2,3,1
7,56,452,1,19,0
174,59,100,8,19,1
34,3,338,0,18,0
80,28,399,8,12,1
163,74,307,8,11,1
49,35,141,7,6,0
103,61,83,7,11,0
131,93,177,0,3,1
1,54,198,7,1,0
133,63,112,9,1,1
53,79,56,2,4,0
105,97,460,6,9,1
3,7,179,0,9,0
53,76,421,0,8,0
190,49,401,9,12,1
145,94,186,4,6,1
43,85,471,4,4,1
161,31,218,7,9,1
189,58,413,6,9,1
13,61,417,7,5,0
94,24,316,5,18,1
47,20,475,5,7,0
14,37,217,1,0,0
199,4,120,5,16,1
189,92,439,4,6,1
39,20,394,2,13,0
81,60,175,5,16,1
110,24,23,7,8,0
52,50,213,8,16,0
23,49,405,0,4,0
153,51,235,2,19,1
187,96,13,2,7,1
123,36,101,7,5,0
40,98,417,0,10,1
156,66,24,4,18,1
14,79,364,2,3,0
44,34,11,1,17,0
64,36,273,7,0,0
88,6,452,2,12,0
70,39,431,6,13,1
8,42,281,0,0,0
87,58,94,5,10,0
128,12,201,2,16,0
135,3,21,7,3,0
62,18,340,5,11,0
138,40,467,1,9,1
80,21,211,5,5,0
135,15,140,6,0,0
162,97,293,4,6,1
162,99,298,2,15,1
32,26,401,3,13,0
122,8,101,3,19,0
4,94,304,5,19,1
40,87,359,9,5,1
27,42,28,0,4,0
134,44,41,3,17,0
71,14,355,9,14,0
11,78,303,3,5,0
161,2,496,9,18,1
32,37,146,0,0,0
47,69,256,8,0,0
150,38,462,3,12,1
61,41,227,6,2,0
36,62,236,2,9,0
98,60,361,9,2,1
171,14,380,2,8,1
103,89,455,7,7,1
34,84,489,7,2,1
192,2,13,0,12,0
100,70,210,9,5,1
174,17,229,1,12,1
130,89,397,7,19,1
0,28,100,0,19,0
4,66,31,7,11,0
141,35,386,7,12,1
102,5,16,1,1,0
26,65,137,3,15,0
136,40,329,5,5,1
14,76,166,8,18,0
89,56,459,7,12,1
41,36,310,7,16,0
123,45,440,6,8,1
178,23,470,8,16,1
62,47,481,1,1,0
95,31,100,2,18,0
51,11,109,9,18,0
95,10,343,7,6,0
131,67,173,5,9,1
150,14,237,9,9,1
142,80,162,8,19,1
170,74,393,9,8,1
28,93,216,3,16,0
35,10,264,7,14,0
12,76,263,9,1,0
159,94,292,2,3,1
70,1,274,2,18,0
186,5,3,7,16,1
85,20,28,4,4,0
27,8,326,2,6,0
65,43,492,9,17,1
169,76,428,0,6,1
44,1,149,2,16,0
61,57,28,8,6,0
184,64,488,4,3,1
133,84,310,9,7,1
27,28,438,1,12,0
27,37,65,6,3,0
107,47,356,1,5,0
43,76,21,3,4,0
83,37,252,6,11,0
29,49,235,3,3,0
189,44,227,6,8,1
74,56,13,6,3,0
127,28,313,0,18,1
91,79,49,5,13,0
189,6,118,8,4,0
128,61,54,1,17,1
120,20,138,2,9,0
26,78,53,9,18,0
189,2,44,4,11,0
120,73,303,8,17,1
115,37,53,3,16,0
2,20,74,0,10,0
102,26,46,3,2,0
197,29,13,5,16,1
199,1,165,4,0,0
154,35,102,0,14,0
136,70,280,3,8,1
61,59,258,5,14,0
164,69,470,9,2,1
50,33,337,9,18,1
171,51,356,3,12,1
151,78,398,8,11,1
58,12,138,4,19,0
117,20,163,7,0,0
159,53,409,8,16,1
95,88,387,9,12,1
179,43,111,4,0,0
112,98,102,5,9,1
61,89,17,0,14,0
185,50,268,6,6,1
51,29,182,3,17,0
11,57,372,1,15,0
38,39,24,4,13,0
129,95,29,2,17,1
130,56,171,5,6,1
112,43,409,7,16,1
100,50,228,6,17,1
112,23,378,2,11,0
183,44,188,7,7,1
80,38,346,1,1,0
186,84,230,9,6,1
112,23,321,8,3,0
1,45,340,3,17,0
129,52,119,0,5,0
53,80,156,7,8,0
86,50,272,6,8,0
128,8,175,4,13,0
146,85,465,9,7,1
125,1,104,4,18,0
129,8,92,6,2,0
52,29,186,4,17,0
171,96,460,7,4,1
159,5,283,5,13,1
197,86,181,4,3,1
159,47,170,8,6,1
67,34,187,1,19,0
182,65,175,0,11,1
183,55,222,7,1,1
122,90,233,2,10,1
144,43,162,6,13,1
37,74,421,9,15,1
23,30,134,7,19,0
68,82,391,5,5,1
115,17,480,9,3,1
97,26,224,8,14,0
197,8,153,6,0,0
138,47,33,9,6,0
143,76,55,4,11,1
96,91,442,7,9,1
123,72,7,1,4,0
186,89,244,6,11,1
69,46,313,3,17,0
92,68,126,8,9,0
2,33,12,0,5,0
147,1,16,6,11,0
186,19,208,5,6,1
163,31,43,7,17,1
146,80,373,4,1,1
89,14,484,0,9,0
194,53,461,0,14,1
146,48,135,8,11,1
147,69,228,9,16,1
95,90,111,5,3,0
198,62,307,9,6,1
51,92,457,4,8,1
160,66,160,0,18,1
167,64,331,5,6,1
127,70,264,5,1,1
38,63,225,2,5,0
81,73,471,7,17,1
103,33,217,0,5,0
128,41,456,0,12,1
10,89,45,5,18,0
184,48,214,9,1,1
177,13,59,0,11,0
150,73,132,5,14,1
158,77,104,0,13,1
41,31,195,5,5,0
98,75,413,2,17,1
6,68,489,7,4,0
143,98,157,5,17,1
89,4,98,0,2,0
111,19,226,4,2,0
59,70,412,7,9,1
112,98,205,2,18,1
1,82,79,5,2,0
128,13,124,4,11,0
47,23,471,5,15,0
139,83,428,9,16,1
196,75,218,0,6,1
36,1,4,6,12,0
159,88,90,8,1,1
8,54,104,1,3,0
98,71,393,9,9,1
146,89,119,4,6,1
47,85,133,9,16,1
130,15,312,3,19,1
147,65,96,5,5,1
151,76,468,5,18,1
53,71,434,1,4,0
119,15,331,1,9,0
160,21,143,3,8,0
151,19,288,0,12,1
115,60,28,8,18,1
74,93,278,6,5,1
112,89,233,6,3,1
199,33,17,2,2,0
163,49,59,2,2,0
165,96,90,0,3,1
103,35,492,2,4,0
83,44,199,2,7,0
111,90,362,3,15,1
98,11,441,3,2,0
152,99,26,2,11,1
92,72,25,9,7,0
145,78,394,7,12,1
127,74,301,7,3,1
109,66,339,0,13,1
81,46,267,6,13,0
193,9,461,1,12,1
53,3,181,0,5,0
162,85,456,2,16,1
188,26,360,3,3,1
168,72,68,5,7,1
160,48,495,9,16,1
67,66,351,4,2,0
32,70,412,3,16,1
141,28,459,7,8,1
20,93,491,3,1,0
47,26,321,9,12,0
147,25,49,1,19,0
127,12,175,2,1,0
135,5,52,5,19,0
134,98,102,7,10,1
194,48,216,7,14,1
144,37,438,8,10,1
127,79,188,6,2,1
32,44,57,1,2,0
175,15,47,7,11,1
186,43,159,6,4,1
114,48,489,7,19,1
118,87,174,2,6,1
21,70,242,6,6,0
157,46,282,9,12,1
37,43,241,8,8,0
108,21,370,2,12,0
50,23,5,9,11,0
181,80,84,5,12,1
7,47,308,1,9,0
26,15,361,1,0,0
26,25,459,4,7,0
20,36,248,4,15,0
29,75,54,6,12,0
96,51,161,1,2,0
27,15,434,6,2,0
110,68,422,4,4,1
191,21,411,5,10,1
196,13,226,7,6,1
60,86,15,9,9,0
47,19,224,3,9,0
146,34,61,6,19,1
3,78,122,5,1,0
34,68,277,9,2,0
191,52,46,1,7,1
48,27,453,7,10,0
16,29,390,9,12,0
171,28,294,8,6,1
157,35,62,4,12,0
45,8,86,9,1,0
116,16,446,3,5,0
5,36,210,5,8,0
98,30,78,7,19,0
123,18,202,2,1,0
36,2,302,9,17,0
23,49,397,0,15,0
92,77,223,3,11,1
45,4,222,3,6,0
180,90,3,0,6,1
94,89,478,8,16,1
98,94,6,2,12,0
187,75,93,4,10,1
115,7,8,5,5,0
190,95,428,7,13,1
159,74,493,5,5,1
160,39,235,2,5,1
66,13,108,5,1,0
127,31,161,0,19,0
17,71,209,3,14,0
24,63,240,5,16,0
53,56,331,6,7,0
57,42,333,9,4,0
66,61,50,2,16,0
103,42,11,8,19,0
173,56,351,6,0,1
23,36,156,0,17,0
113,84,492,1,14,1
31,68,70,0,4,0
174,7,169,8,6,1
85,54,272,8,17,1
150,1,68,6,5,0
193,44,355,9,4,1
126,45,252,2,18,1
154,47,48,4,9,0
129,13,184,3,14,0
16,22,320,6,9,0
103,21,187,8,15,0
160,86,90,1,11,1
136,92,446,7,17,1
42,9,332,8,0,0
175,26,139,9,15,1
38,9,357,9,5,0
169,15,89,8,2,0
25,10,274,9,1,0
98,88,19,6,1,0
49,42,471,8,12,1
152,72,311,8,8,1
151,24,358,2,15,1
12,80,374,3,4,0
59,49,466,1,6,0
134,26,154,9,12,1
56,91,390,2,19,1
35,37,260,4,12,0
172,68,108,4,6,1
19,50,371,5,9,0
64,24,285,6,14,0
7,19,59,6,5,0
143,60,125,0,4,0
141,39,354,1,1,0
114,74,273,8,14,1
142,89,107,9,15,1
91,18,299,1,18,0
97,19,245,5,8,0
65,36,336,0,18,0
31,74,450,2,6,0
190,97,418,1,3,1
85,55,247,2,2,0
50,69,8,4,19,0
152,47,141,9,10,1
185,49,362,5,0,1
62,99,8,8,5,0
189,98,478,9,10,1
124,33,352,3,0,0
149,21,484,6,6,1
57,81,495,5,5,1
57,22,94,1,13,0
85,48,321,9,1,0
48,37,427,7,3,0
179,15,39,6,10,0
169,35,81,6,14,1
69,92,187,7,17,1
14,71,84,0,0,0
53,32,88,0,2,0
187,11,242,7,2,1
100,10,342,3,6,0
7,73,93,4,0,0
52,78,86,7,10,0
59,77,44,4,5,0
107,57,137,9,19,1
4,25,421,3,2,0
102,2,74,5,18,0
195,64,36,4,1,1
5,35,101,6,17,0
108,7,476,9,11,1
115,85,156,6,9,1
93,18,426,3,4,0
46,67,255,4,8,0
98,42,171,2,1,0
54,39,469,3,1,0
167,41,216,3,5,1
51,75,170,2,9,0
143,24,252,9,17,1
12,60,360,4,11,0
113,46,322,4,3,0
123,19,55,6,16,0
105,68,456,3,14,1
157,90,432,3,5,1
146,42,91,8,15,1
144,32,278,5,16,1
119,39,101,3,2,0
62,36,155,1,9,0
18,97,377,5,4,0
91,36,349,1,13,0
57,3,451,4,12,0
182,73,364,5,5,1
89,8,141,3,11,0
116,97,173,2,7,1
61,70,10,6,4,0
22,41,228,1,14,0
126,68,265,5,15,1
136,13,438,3,0,0
139,49,248,5,15,1
128,60,247,3,4,1
57,2,155,3,2,0
121,60,34,3,19,1
0,5,499,8,14,0
33,44,129,6,12,0
95,27,160,2,15,0
125,32,89,2,10,0
117,21,93,5,1,0
47,8,327,5,5,0
88,72,241,3,5,0
116,50,323,8,13,1
128,67,468,3,10,1
15,44,404,8,7,0
188,58,117,3,7,1
191,3,94,1,0,0
190,86,163,1,6,1
68,70,99,4,5,0
21,2,113,3,7,0
92,87,359,6,18,1
194,44,91,4,19,1
75,2,346,5,7,0
153,81,206,9,13,1
143,35,17,3,17,0
178,98,274,1,15,1
85,87,173,9,8,1
184,30,116,8,14,1
28,8,349,9,9,0
68,22,468,6,15,1
46,44,181,3,3,0
93,58,91,2,19,0
189,36,82,9,12,1
196,69,324,2,4,1
143,77,449,8,6,1
175,93,114,4,8,1
84,31,257,2,7,0
38,47,58,4,15,0
99,55,154,1,5,0
32,80,365,3,15,1
100,62,404,9,5,1
22,30,116,1,13,0
9,55,343,1,0,0
68,16,266,7,8,0
99,12,315,0,12,0
33,17,203,6,18,0
179,16,41,4,16,1
137,12,105,7,10,0
146,8,389,0,7,0
185,84,378,6,4,1
95,3,193,4,9,0
0,16,401,3,6,0
68,30,278,6,9,0
3,23,354,9,3,0
15,92,237,1,8,0
23,5,425,0,13,0
79,84,221,0,1,0
1,65,68,0,8,0
127,30,197,4,0,0
159,21,256,9,9,1
83,84,139,6,9,0
151,70,312,1,19,1
139,22,435,9,2,1
177,82,149,7,5,1
162,72,99,3,5,1
123,32,76,2,1,0
32,33,282,9,17,0
160,16,371,7,1,1
188,76,403,1,11,1
178,38,109,2,4,0
170,98,188,2,19,1
100,14,199,9,6,0
11,36,303,0,15,0
66,97,327,5,19,1
64,23,154,1,0,0
160,66,40,0,0,0
167,85,133,1,16,1
73,2,405,5,0,0
42,91,462,3,19,1
43,73,132,5,12,0
28,65,279,8,8,0
140,75,362,9,14,1
11,67,84,9,2,0
94,52,399,7,13,1
45,62,242,0,10,0
129,23,116,7,11,0
34,26,109,8,12,0
80,68,221,5,12,1
89,82,392,9,0,1
7,55,41,4,9,0
92,6,368,5,2,0
153,35,147,5,3,0
89,22,112,8,15,0
161,43,103,3,7,0
114,15,46,1,15,0
104,86,412,8,16,1
134,60,494,1,18,1
195,12,475,9,14,1
57,49,324,8,15,1
113,42,378,1,14,1
74,38,271,7,1,0
156,82,483,8,10,1
119,45,421,9,0,1
163,35,385,8,14,1
20,30,195,9,18,0
163,88,367,8,3,1
137,30,280,1,10,0
100,78,283,3,4,1
151,6,40,6,2,0
191,67,447,1,12,1
176,80,189,0,9,1
98,7,164,2,10,0
35,52,482,3,17,1
95,14,477,7,1,0
151,73,24,5,6,1
150,15,24,1,8,0
189,21,490,8,9,1
36,35,4,1,17,0
11,66,323,4,6,0
112,91,290,3,6,1
182,2,441,6,2,1
12,35,433,7,11,0
22,82,471,4,6,0
98,78,181,9,16,1
104,20,248,4,0,0
29,82,116,1,4,0
16,10,279,7,15,0
112,25,365,1,14,1
61,66,69,9,1,0
83,25,351,5,8,0
111,54,254,7,6,1
85,33,181,5,3,0
140,36,318,3,19,1
186,95,169,3,17,1
18,14,313,5,3,0
176,65,249,3,12,1
99,80,188,7,0,0
139,54,54,8,2,0
188,52,326,0,15,1
146,3,357,3,3,0
75,99,313,3,15,1
8,41,138,1,18,0
198,6,168,5,0,0
27,25,391,2,4,0
127,13,103,6,18,0
51,98,422,4,10,1
82,8,85,3,12,0
110,21,317,4,19,1
143,98,212,7,4,1
116,68,3,2,3,0
68,25,384,6,3,0
98,79,179,5,3,0
139,68,342,0,3,1
24,45,303,6,19,0
179,60,452,6,17,1
122,12,476,0,17,1
52,32,332,8,15,0
150,96,38,5,8,1
143,92,499,1,17,1
56,13,420,4,1,0
38,31,239,3,3,0
108,78,169,6,11,1
180,20,453,7,6,1
41,18,397,0,14,0
185,93,343,4,6,1
166,60,314,2,16,1
141,63,306,0,15,1
121,6,30,2,18,0
132,32,190,5,8,0
162,93,357,6,13,1
74,43,25,7,16,0
145,2,112,3,4,0
75,60,411,2,1,0
8,23,435,4,19,0
73,83,206,8,15,1
185,31,185,5,13,1
144,5,382,8,13,1
6,83,496,5,0,0
173,34,379,1,2,1
140,10,47,4,6,0
167,89,374,8,14,1
169,2,228,7,18,1
136,11,39,6,19,0
177,50,16,0,1,0
26,31,22,3,18,0
121,56,213,6,8,1
193,79,310,6,18,1
4,73,149,5,4,0
28,87,456,7,17,1
164,83,241,5,15,1
165,9,272,9,3,1
82,99,59,2,11,0
135,21,287,3,6,0
108,73,426,2,13,1
64,28,202,0,11,0
85,62,32,9,2,0
144,7,443,4,4,1
70,80,162,0,16,0
44,16,255,0,9,0
131,97,254,1,9,1
35,4,9,3,10,0
69,4,465,5,16,0
158,40,139,7,4,1
18,17,480,2,12,0
188,52,10,0,9,1
107,93,214,2,8,1
181,52,273,2,16,1
166,36,324,4,0,1
90,38,48,3,3,0
89,50,436,3,3,0
18,63,111,8,17,0
38,63,153,6,8,0
125,62,123,3,17,1
194,99,405,2,13,1
172,7,357,5,14,1
140,27,102,2,5,0
125,92,241,5,9,1
57,86,321,8,14,1
147,14,191,5,3,0
199,71,217,3,17,1
60,86,51,4,17,0
126,5,292,5,16,1
104,55,81,2,11,0
166,2,489,7,6,1
0,62,383,3,15,0
130,91,88,7,10,1
91,21,194,9,13,0
189,79,104,9,2,1
190,21,271,2,18,1
112,10,96,9,17,0
152,87,423,6,9,1
55,58,379,8,5,0
160,39,198,3,12,1
165,5,1,7,9,0
116,65,495,2,17,1
133,13,407,6,19,1
57,85,378,2,15,1
43,90,167,6,5,0
172,85,126,9,12,1
159,53,313,9,3,1
172,82,81,5,13,1
60,45,418,1,0,0
46,32,251,2,19,0
148,36,169,5,4,0
79,81,477,3,7,1
117,99,73,5,11,1
163,60,141,0,1,0
146,11,70,9,11,0
19,63,262,0,4,0
184,21,340,2,4,1
145,52,308,7,12,1
46,55,245,7,8,0
48,26,3,3,9,0
13,68,337,5,0,0
142,34,63,7,2,0
158,52,49,6,17,1
0,82,76,6,11,0
116,99,368,3,2,1
53,93,175,8,8,0
117,52,109,9,1,0
2,29,183,5,2,0
143,38,192,2,13,1
184,42,65,4,3,0
11,21,337,4,18,0
73,42,451,4,12,1
15,13,474,7,6,0
199,64,271,8,11,1
101,17,100,8,2,0
151,9,32,5,8,0
155,41,352,5,1,1
116,1,128,8,8,0
7,2,452,3,11,0
121,60,402,5,11,1
91,48,369,3,14,1
163,29,339,0,1,0
89,97,43,6,17,1
135,10,372,9,12,1
185,58,419,5,13,1
59,60,488,8,4,1
177,21,78,6,9,1
27,28,314,6,11,0
100,75,289,1,9,1
40,34,270,8,10,0
191,8,162,9,1,1
154,59,189,8,4,1
190,86,247,5,6,1
144,72,388,2,5,1
160,49,216,0,2,0
156,79,315,3,12,1
140,17,413,2,2,0
45,60,339,0,5,0
34,87,390,2,10,0
133,88,377,3,16,1
81,45,481,7,9,1
114,83,433,8,11,1
196,69,168,2,16,1
46,32,339,5,3,0
152,44,193,9,1,1
193,65,453,4,10,1
9,87,283,5,6,0
55,8,336,3,1,0
29,77,390,9,17,1
108,72,488,5,3,1
4,87,13,6,7,0
118,43,240,8,19,1
32,1,320,9,13,0
117,51,446,6,11,1
64,24,483,5,17,1
145,99,147,0,10,1
176,24,204,1,7,1
10,17,80,0,1,0
84,5,379,8,14,0
25,20,43,9,8,0
62,21,458,9,18,1
85,58,89,8,19,1
58,31,148,6,7,0
26,11,95,1,18,0
176,52,452,5,4,1
160,15,428,3,10,1
97,83,151,0,14,1
104,7,2,0,7,0
98,28,376,4,18,1
128,51,22,1,7,0
148,58,371,3,18,1
54,5,313,0,17,0
5,5,485,3,9,0
196,94,328,5,6,1
94,96,7,9,8,1
132,8,206,3,0,0
101,64,440,0,18,1
2,10,375,6,4,0
180,38,451,1,18,1
22,96,114,8,0,0
52,92,272,2,14,1
164,81,83,7,15,1
82,95,179,7,6,1
144,8,210,2,11,0
84,25,464,3,7,0
77,73,328,1,4,0
109,66,124,3,9,0
0,79,481,8,4,0
50,50,113,1,16,0
172,67,12,2,4,0
3,49,126,3,14,0
189,36,53,4,12,1
192,68,331,0,0,1
112,78,389,6,10,1
31,41,283,9,0,0
33,89,140,6,10,0
91,62,401,8,17,1
94,10,390,3,17,0
71,21,97,5,15,0
38,36,5,1,12,0
153,12,57,3,6,0
161,91,412,1,0,1
181,2,334,9,15,1
117,13,69,4,0,0
2,53,118,6,16,0
122,32,376,0,5,0
49,95,59,9,1,0
11,16,33,9,16,0
192,32,318,6,5,1
53,32,50,9,13,0
132,98,368,5,17,1
56,11,489,5,5,0
144,10,19,7,9,0
111,15,214,7,17,1
46,17,197,5,8,0
150,40,379,2,7,1
84,18,450,4,9,0
141,55,478,1,16,1
65,73,47,4,5,0
74,25,167,8,13,0
178,59,452,9,5,1
102,78,289,0,6,0
165,89,141,9,11,1
191,22,84,4,2,0
37,30,182,5,13,0
49,84,391,6,18,1
97,85,79,8,15,1
81,44,215,5,6,0
29,32,14,4,7,0
78,51,215,6,17,1
90,46,403,0,12,1
178,21,128,4,8,1
190,99,310,1,9,1
51,32,477,3,8,0
165,94,248,6,14,1
78,39,404,4,19,1
29,12,29,5,1,0
105,47,280,1,12,0
50,18,338,2,1,0
80,21,319,6,18,1
132,13,202,1,1,0
28,21,361,5,2,0
131,8,57,4,5,0
137,46,392,9,2,1
183,7,218,0,9,0
144,23,62,9,5,0
73,96,157,3,15,1
16,75,202,1,16,0
83,86,17,3,18,0
68,22,322,0,2,0
33,89,6,1,17,0
5,22,58,7,6,0
52,92,325,5,8,1
193,29,412,1,19,1
125,13,318,5,11,1
42,82,169,9,4,0
114,2,453,8,2,0
110,29,82,6,10,0
150,85,474,8,3,1
182,79,468,4,4,1
79,52,425,6,0,0
94,27,433,6,17,1
117,50,219,2,11,0
143,95,177,6,12,1
7,79,204,0,8,0
131,23,71,8,1,0
103,88,387,9,4,1
131,44,266,5,12,1
183,77,98,4,15,1
24,22,345,6,15,0
194,43,291,4,2,1
95,37,208,9,3,0
194,61,2,4,10,1
154,97,124,9,13,1
92,56,280,6,2,0
159,3,74,9,15,1
177,63,166,6,14,1
60,19,22,2,9,0
121,23,154,2,8,0
50,29,427,9,10,0
146,30,439,2,15,1
20,39,295,5,9,0
4,25,219,5,16,0
91,8,157,2,18,0
169,58,495,2,1,1
60,16,230,7,1,0
21,72,20,7,5,0
148,1,475,6,18,1
69,5,41,9,7,0
0,3,438,3,2,0
132,65,148,3,13,1
11,4,108,2,15,0
89,99,403,4,0,1
45,96,84,2,2,0
33,64,483,7,17,1
176,98,367,6,8,1
77,89,322,2,5,0
44,10,414,8,0,0
154,21,309,4,9,1
72,46,290,8,5,0
25,91,406,6,11,1
46,27,323,6,3,0
120,66,134,5,12,1
55,41,207,1,16,0
93,13,283,8,7,0
106,9,266,5,19,1
62,36,73,7,2,0
47,86,481,0,11,1
60,90,352,4,6,1
80,58,48,0,11,0
25,54,326,9,1,0
35,12,233,7,13,0
0,81,443,7,4,0
7,78,100,0,8,0
112,14,59,8,10,0
98,34,258,1,4,0
179,53,413,8,2,1
46,20,452,0,16,0
126,75,65,9,1,0
55,16,83,8,0,0
13,95,154,3,6,0
27,70,473,8,13,1
77,56,266,6,4,0
129,83,309,5,18,1
108,58,79,4,10,0
153,4,315,8,1,0
13,4,150,1,7,0
186,20,435,1,8,1
55,10,48,8,2,0
114,24,405,2,1,0
6,99,379,7,6,0
2,26,248,8,4,0
110,37,278,7,4,0
150,85,356,3,19,1
106,54,98,0,12,0
17,21,414,3,19,0
37,74,25,8,5,0
114,38,493,1,19,1
14,46,284,2,17,0
191,4,449,9,1,1
118,60,369,7,5,1
27,57,301,5,8,0
38,45,68,7,2,0
184,20,7,6,0,0
16,17,305,4,0,0
85,71,137,8,18,1
125,4,164,3,4,0
43,93,83,5,12,0
24,14,385,1,18,0
144,3,138,1,11,0
12,88,420,1,15,0
24,80,73,9,18,0
67,58,237,6,2,0
137,55,46,1,11,0
66,4,106,1,4,0
108,24,416,8,1,0
145,34,288,6,6,1
110,30,262,2,12,0
110,82,176,2,14,1
33,19,166,6,2,0
110,31,145,4,19,0
7,60,330,9,4,0
167,60,370,5,7,1
112,19,283,7,0,0
82,49,54,8,7,0
41,63,178,0,17,0
168,83,419,2,19,1
100,22,244,6,15,0
5,24,341,5,17,0
179,76,127,6,19,1
25,30,409,7,11,0
63,58,412,5,12,1
186,31,367,2,12,1
183,64,271,1,9,1
58,19,132,6,6,0
108,48,93,0,13,0
197,45,379,2,15,1
120,94,73,3,14,1
32,55,411,0,11,0
180,55,410,4,8,1
149,97,403,9,7,1
20,18,248,2,17,0
197,63,348,1,17,1
69,92,273,2,12,1
111,47,43,7,17,1
3,75,377,5,14,0
93,57,41,6,3,0
74,45,170,5,16,0
189,33,434,5,4,1
61,17,212,2,15,0
93,70,493,7,8,1
94,4,168,6,9,0
151,20,39,6,17,1
54,47,369,5,16,1
136,91,245,4,17,1
130,15,151,9,6,0
30,70,111,7,3,0
39,47,480,4,4,0
35,78,436,8,15,1
151,75,47,8,2,1
5,9,63,0,17,0
65,90,225,5,13,1
74,16,366,6,14,0
3,69,69,2,16,0
78,61,299,6,0,0
133,10,432,6,16,1
117,50,290,1,10,1
112,3,296,6,16,1
93,77,203,0,13,0
178,94,61,4,19,1
61,70,434,8,18,1
184,81,451,6,6,1
193,51,318,6,12,1
78,19,314,1,17,0
135,42,161,7,13,1
25,35,331,2,0,0
178,46,16,7,6,1
172,26,338,2,7,1
43,69,94,9,17,0
132,93,304,6,8,1
69,64,138,1,0,0
153,37,338,3,16,1
117,84,38,5,18,1
67,49,127,8,5,0
18,21,275,4,2,0
19,74,164,8,4,0
112,64,443,4,1,1
139,5,319,9,19,1
46,70,77,7,3,0
0,90,174,0,9,0
89,4,387,6,9,0
141,39,458,3,10,1
63,35,358,4,15,0
37,1,321,5,16,0
36,24,376,4,15,0
125,57,91,0,6,0
138,70,238,8,15,1
99,41,264,1,2,0
76,54,179,8,15,1
2,46,494,9,7,0
160,60,490,1,11,1
133,60,209,8,2,1
177,57,73,5,16,1
9,31,390,8,17,0
4,84,107,5,10,0
150,24,345,5,3,1
137,89,295,1,15,1
171,36,369,7,16,1
129,85,444,2,8,1
12,30,284,6,5,0
167,24,353,4,19,1
129,30,182,2,1,0
83,86,37,0,8,0
64,92,137,7,5,0
62,7,338,2,2,0
100,35,56,1,19,0
72,55,187,0,5,0
16,92,341,3,6,0
8,14,258,7,0,0
142,10,445,2,0,0
151,80,58,0,4,0
37,16,363,3,5,0
162,54,123,8,12,1
93,95,188,0,1,0
94,89,230,1,14,1
48,77,168,8,14,0
68,70,420,1,12,1
61,44,114,2,13,0
187,73,252,6,6,1
177,45,107,2,13,1
77,56,37,8,9,0
116,84,335,5,16,1
119,82,92,2,13,1
136,57,18,8,7,0
161,21,354,0,3,0
75,68,63,9,15,0
34,50,150,2,12,0
0,33,139,0,19,0
39,91,186,1,17,0
63,7,185,7,13,0
149,70,205,6,17,1
59,15,260,1,4,0
63,82,214,1,8,0
92,32,256,8,2,0
71,75,135,5,7,0
10,20,61,4,19,0
104,88,363,9,9,1
13,15,310,5,18,0
59,48,88,8,2,0
29,71,324,6,10,0
34,21,476,9,10,0
164,42,207,9,16,1
4,26,129,8,15,0
82,14,311,3,6,0
122,57,3,1,3,0
77,37,462,7,18,1
153,58,422,3,11,1
61,21,242,8,14,0
131,82,121,3,10,1
88,69,385,7,4,1
41,3,102,8,4,0
88,87,38,8,14,1
145,90,341,9,17,1
39,37,496,3,10,0
71,88,413,0,11,1
38,49,133,2,1,0
103,19,497,8,19,1
13,89,202,3,14,0
31,85,348,4,19,1
178,12,21,6,3,0
124,61,242,4,17,1
165,41,455,3,5,1
96,33,451,1,18,1
22,50,109,1,10,0
62,68,303,3,1,0
142,71,84,9,7,1
152,86,83,9,10,1
144,33,291,8,4,1
193,81,452,7,17,1
52,24,69,2,17,0
103,61,129,8,13,1
103,61,196,4,9,0
178,98,140,2,2,1
38,28,444,4,8,0
178,58,283,9,2,1
197,43,312,3,10,1
133,41,234,7,11,1
66,39,23,4,11,0
134,86,153,9,2,1
178,49,277,7,6,1
199,17,61,8,13,1
41,98,319,3,10,1
191,70,378,6,6,1
14,70,52,1,9,0
110,98,344,5,10,1
156,65,153,7,14,1
32,74,237,6,18,0
154,85,311,6,15,1
163,5,302,7,19,1
156,2,32,6,11,0
37,22,55,4,17,0
184,57,352,6,12,1
96,66,389,9,4,1
154,74,36,2,3,0
182,98,110,4,13,1
32,16,490,6,7,0
195,51,177,8,8,1
85,39,362,1,18,1
65,86,314,3,2,0
9,76,295,6,4,0
4,88,336,0,17,0
122,40,97,1,0,0
73,38,369,8,7,0
96,60,213,9,18,1
117,59,317,6,16,1
37,10,137,9,16,0
140,99,6,6,10,1
158,64,499,5,1,1
46,63,109,2,5,0
108,49,35,9,13,0
179,64,39,2,2,0
183,32,150,1,11,1
14,7,425,5,3,0
156,21,118,3,11,0
135,20,261,4,12,1
4,26,426,2,1,0
156,68,87,5,1,1
46,86,465,2,14,1
67,15,76,7,16,0
75,85,471,8,6,1
172,79,464,3,13,1
129,86,451,8,11,1
154,92,414,6,16,1
94,14,313,2,13,0
114,27,383,6,5,1
163,40,214,0,18,1
35,58,457,2,5,0
25,28,285,5,17,0
42,26,239,3,4,0
26,63,165,6,5,0
68,66,87,2,1,0
147,25,141,0,7,0
10,3,160,8,14,0
73,72,46,5,14,0
103,44,372,7,10,1
37,97,495,2,0,0
133,42,112,7,17,1
199,99,407,1,11,1
22,6,45,3,11,0
46,39,401,2,10,0
89,52,247,9,7,1
45,23,104,0,6,0
106,89,85,6,1,0
139,50,450,9,10,1
140,43,485,1,9,1
103,19,134,3,2,0
189,69,108,8,19,1
110,51,18,5,9,0
103,11,94,7,17,0
59,12,150,1,13,0
170,74,246,6,17,1
99,8,289,5,7,0
67,24,414,8,9,0
132,92,209,6,12,1
119,41,126,0,7,0
36,36,235,7,3,0
71,85,416,9,3,1
126,72,426,2,4,1
105,55,499,1,0,1
91,9,462,2,16,1
30,47,122,5,1,0
121,15,138,2,7,0
136,48,495,9,6,1
50,82,115,4,14,0
28,42,420,5,4,0
39,60,162,7,1,0
40,84,201,6,6,0
10,70,234,7,7,0
150,12,28,2,6,0
0,2,11,3,6,0
45,7,206,5,13,0
100,80,167,6,17,1
148,3,247,8,5,0
89,3,47,0,3,0
109,27,246,7,9,0
163,40,127,7,17,1
181,33,147,5,11,1
56,92,118,3,15,0
0,1,399,2,6,0
62,8,382,2,5,0
181,32,412,5,4,1
54,48,152,7,2,0
114,4,72,6,11,0
167,94,363,0,14,1
142,70,137,5,9,1
148,19,175,6,19,1
174,32,289,6,18,1
52,9,446,8,15,0
136,12,481,9,10,1
179,11,19,4,7,0
56,46,195,0,2,0
116,16,330,1,6,0
153,1,424,3,6,1
168,63,175,4,13,1
34,21,490,8,1,0
62,30,449,0,9,0
24,13,413,2,18,0
89,34,434,4,8,0
74,4,354,2,15,0
37,28,499,3,18,0
129,95,141,2,17,1
134,59,246,3,8,1
161,27,385,0,15,1
90,69,418,7,12,1
16,25,93,3,9,0
127,3,432,6,19,1
170,97,239,1,13,1
186,68,205,1,11,1
107,25,48,5,18,0
178,20,433,1,6,1
181,34,245,5,14,1
151,26,320,1,15,1
24,5,317,3,7,0
198,99,413,6,9,1
179,61,295,7,3,1
197,92,128,2,18,1
87,93,344,8,18,1
160,9,282,1,14,1
176,50,17,7,13,1
28,6,71,7,0,0
62,83,269,3,15,1
149,60,325,0,9,1
153,44,282,0,18,1
155,11,305,1,2,0
113,66,451,8,4,1
48,47,7,1,8,0
198,73,314,1,17,1
80,85,305,5,10,1
83,88,103,6,15,1
104,98,309,6,1,1
176,86,193,8,11,1
147,3,241,5,5,0
117,76,62,7,10,1
85,92,17,5,7,0
62,30,171,1,11,0
188,90,25,0,1,1
103,21,251,4,8,0
48,28,253,8,14,0
70,90,387,7,1,1
0,62,207,3,0,0
140,33,29,4,9,0
178,85,117,4,1,1
122,35,491,5,11,1
183,52,416,2,7,1
61,34,282,4,4,0
31,41,380,1,0,0
157,51,144,9,14,1
28,47,25,0,5,0
48,82,310,0,11,0
172,58,156,9,7,1
29,75,73,6,12,0
143,57,120,1,18,1
167,23,312,3,0,0
18,48,321,4,10,0
17,22,93,6,19,0
0,17,86,1,0,0
77,69,336,5,7,1
114,11,425,0,4,0
174,94,499,6,16,1
193,15,364,8,7,1
112,91,435,4,9,1
113,35,118,4,1,0
165,33,233,3,8,1
178,84,199,2,2,1
62,16,206,8,17,0
131,34,413,4,6,1
128,66,339,7,14,1
7,99,147,8,19,0
156,40,450,4,17,1
54,28,425,9,2,0
102,47,429,8,13,1
130,39,271,1,1,0
31,70,387,8,13,1
9,73,139,3,10,0
109,20,181,5,15,0
161,1,430,5,7,1
123,72,30,5,6,0
86,87,57,1,10,0
54,63,232,6,2,0
31,67,146,5,16,0
177,4,435,0,13,1
134,58,384,1,5,1
92,25,48,6,7,0
7,47,194,0,4,0
64,38,224,0,7,0
56,15,136,0,1,0
66,63,22,7,14,0
186,21,6,3,11,0
71,99,204,3,16,1
53,57,239,1,0,0
66,53,185,0,14,0
50,46,360,9,13,1
96,14,292,8,19,1
91,76,335,6,15,1
7,17,220,3,8,0
161,39,116,5,0,0
34,9,313,1,16,0
95,99,49,6,12,1
87,77,173,1,4,0
77,79,82,9,9,0
31,82,322,7,5,0
119,97,333,7,18,1
45,6,45,0,12,0
143,91,335,7,0,1
195,23,20,1,19,1
164,59,448,5,14,1
181,91,221,0,13,1
141,98,123,4,7,1
54,46,234,6,9,0
175,38,221,9,8,1
6,14,323,0,16,0
73,72,339,1,8,0
6,62,3,6,2,0
160,35,182,5,10,1
150,19,206,2,11,0
84,30,320,9,9,0
146,78,40,1,16,1
111,84,59,9,16,1
124,25,439,3,10,1
146,40,62,2,3,0
35,88,132,6,6,0
28,14,60,7,13,0
187,26,372,1,6,1
81,87,331,9,7,1
1,22,122,6,0,0
128,48,479,7,3,1
46,83,107,5,11,0
196,51,96,5,2,1
147,3,347,9,12,1
10,42,414,0,19,0
129,19,235,3,5,0
194,73,386,0,10,1
118,28,62,3,3,0
139,84,256,1,19,1
19,45,49,4,15,0
4,71,393,9,6,0
36,78,348,8,10,1
165,63,159,9,0,1
136,73,124,2,6,0
52,19,482,7,11,0
171,47,317,2,6,1
98,14,207,5,6,0
85,38,48,3,9,0
107,53,409,7,15,1
23,61,420,5,7,0
80,36,136,7,8,0
157,40,201,0,8,0
119,81,250,5,1,1
58,30,314,0,12,0
127,9,357,0,12,0
113,64,368,7,3,1
114,33,429,6,11,1
13,52,318,2,16,0
8,89,295,5,1,0
39,14,480,8,12,0
193,75,314,6,17,1
24,53,209,2,14,0
102,99,355,5,7,1
21,59,485,3,14,0
3,78,211,2,0,0
153,94,192,8,19,1
185,41,44,9,9,1
28,68,29,1,11,0
108,68,59,0,4,0
97,92,71,1,8,0
36,8,92,6,7,0
74,2,265,9,15,0
69,86,383,0,13,1
145,41,220,5,12,1
127,55,390,6,12,1
84,16,413,8,4,0
41,93,442,7,15,1
99,62,401,5,10,1
40,48,400,2,4,0
165,30,215,7,12,1
33,12,479,6,10,0
16,35,387,2,18,0
164,11,277,8,2,1
152,64,64,1,14,1
121,50,346,2,6,1
75,85,292,1,6,0
86,21,490,0,5,0
116,69,485,3,2,1
105,48,245,4,12,1
85,20,470,5,6,0
26,67,62,4,4,0
56,44,426,0,17,0
30,33,332,2,7,0
133,73,170,0,16,1
167,61,445,4,19,1
97,9,269,4,0,0
11,68,267,5,13,0
52,35,54,7,16,0
198,81,16,9,9,1
137,98,8,0,11,1
172,88,104,3,15,1
144,96,59,9,13,1
153,65,313,0,15,1
189,8,40,8,7,0
121,45,237,6,9,1
45,87,443,6,16,1
63,47,386,4,17,1
129,40,94,6,19,1
53,76,222,1,15,0
106,54,204,3,16,1
192,76,138,6,15,1
50,46,300,2,18,0
180,47,395,1,7,1
35,15,207,9,5,0
114,19,336,1,5,0
25,26,81,0,8,0
28,52,218,4,3,0
148,93,2,5,11,1
10,22,178,5,11,0
39,21,396,8,16,0
10,51,371,3,14,0
163,38,346,0,8,1
112,20,279,5,6,0
186,29,146,4,9,1
38,51,318,9,15,0
53,4,224,5,11,0
97,55,369,2,6,0
54,71,384,1,17,1
110,92,62,5,14,1
151,28,294,0,5,0
149,4,239,6,11,1
68,22,195,6,10,0
55,76,166,9,19,1
32,45,451,6,2,0
35,67,222,9,1,0
147,86,61,0,5,0
80,66,129,3,4,0
189,88,478,6,17,1
108,34,173,8,15,1
153,91,480,4,7,1
193,55,156,1,19,1
72,1,405,6,10,0
39,72,378,9,9,1
16,87,110,0,11,0
128,38,269,6,5,1
60,6,411,5,19,0
170,86,356,6,4,1
103,25,391,9,8,1
41,82,278,2,15,0
24,17,74,2,13,0
38,61,487,6,7,0
34,12,437,1,19,0
130,6,463,0,18,1
107,90,207,8,13,1
171,27,388,8,6,1
178,8,480,6,4,1
101,83,279,6,17,1
97,65,375,2,1,0
11,57,326,9,10,0
18,93,472,1,7,0
100,99,340,6,0,1
43,40,357,8,11,0
186,14,340,0,1,0
48,35,204,3,17,0
188,48,161,5,6,1
16,84,28,6,16,0
73,56,392,9,13,1
56,49,257,6,6,0
54,13,165,9,2,0
46,61,63,1,5,0
11,49,22,3,19,0
61,46,70,4,1,0
79,62,381,0,16,1
82,8,405,0,11,0
7,43,96,9,11,0
148,20,163,2,16,1
80,97,79,9,9,1
117,90,5,2,2,0
197,39,316,7,19,1
199,85,120,8,17,1
24,49,302,0,12,0
88,64,178,1,11,0
11,62,176,9,16,0
142,54,390,1,3,1
58,9,217,3,9,0
153,88,56,1,10,1
108,37,366,6,5,1
25,49,187,8,5,0
46,41,232,6,8,0
31,17,255,5,14,0
9,88,413,9,1,0
15,21,455,0,3,0
198,51,104,9,4,1
144,59,77,8,16,1
150,39,230,4,7,1
25,55,402,4,7,0
85,41,258,5,11,0
134,39,264,8,7,1
13,13,331,7,18,0
78,64,481,7,2,1
116,11,182,7,17,0
6,19,381,0,18,0
136,11,256,0,18,0
114,77,38,7,14,1
175,46,176,4,5,1
71,45,27,8,15,0
58,1,276,1,7,0
81,40,140,8,15,0
115,19,299,7,17,1
166,76,445,8,19,1
145,72,287,3,15,1
186,72,91,0,10,1
102,61,480,0,6,1
16,12,61,4,16,0
13,61,458,1,16,0
158,33,451,7,11,1
151,45,365,9,12,1
107,90,347,4,9,1
187,92,163,4,6,1
44,69,351,1,13,0
97,8,143,6,0,0
130,25,400,7,16,1
36,91,253,9,3,0
170,46,269,0,4,1
167,87,369,1,19,1
182,30,291,9,6,1
107,47,459,3,9,1
38,87,187,4,16,0
14,49,405,1,6,0
119,47,499,0,0,1
3,84,438,8,6,0
92,82,459,0,10,1
152,18,414,3,8,1
140,66,304,1,11,1
160,68,291,3,2,1
15,94,86,7,3,0
169,33,166,7,3,1
107,36,415,8,12,1
125,82,462,4,18,1
193,19,408,6,9,1
54,28,114,2,4,0
169,40,433,9,6,1
33,84,480,3,15,1
157,97,356,9,0,1
12,76,416,8,11,1
140,15,183,9,1,0
17,41,207,9,6,0
159,39,256,0,10,1
95,2,235,1,12,0
122,63,442,4,1,1
38,29,355,2,6,0
45,74,3,1,14,0
28,66,208,0,10,0
189,51,197,9,1,1
61,75,341,2,6,0
184,77,125,0,3,1
15,10,138,0,10,0
183,14,339,0,1,0
120,82,25,7,15,1
9,51,68,2,6,0
157,73,61,0,12,1
152,39,29,6,4,0
102,28,383,9,16,1
83,3,19,2,11,0
132,84,171,7,18,1
64,70,450,3,6,1
176,27,74,3,5,0
2,2,61,4,7,0
172,93,427,5,12,1
141,38,153,6,4,0
119,3,276,3,1,0
157,16,48,7,8,0
67,94,211,5,10,1
145,40,343,0,5,1
189,2,408,0,6,1
36,81,139,8,6,0
152,41,110,9,18,1
175,12,482,5,5,1
192,35,183,9,10,1
180,65,28,7,10,1
72,55,197,6,6,0
142,45,191,5,1,0
48,79,315,3,18,1
120,90,389,6,3,1
87,85,51,8,5,0
195,62,149,9,16,1
139,49,268,9,4,1
186,95,50,6,6,1
36,25,388,0,8,0
60,23,246,9,0,0
170,24,113,8,0,0
123,38,170,3,18,1
197,28,468,2,5,1
38,21,166,3,17,0
183,54,409,3,9,1
62,18,14,9,10,0
45,36,203,1,0,0
87,99,288,0,0,0
10,45,395,9,12,0
61,73,189,0,4,0
76,53,402,7,19,1
152,30,155,1,0,0
198,60,55,9,19,1
51,98,182,4,2,0
3,32,210,3,17,0
58,67,376,7,8,1
71,67,471,1,13,1
147,28,75,9,16,1
92,44,277,8,13,1
62,79,428,6,3,1
53,41,133,6,4,0
116,63,343,0,16,1
109,23,425,1,1,0
73,75,59,3,4,0
106,48,345,3,3,0
56,32,489,2,3,0
168,57,182,6,5,1
2,33,458,7,19,0
119,24,406,1,12,1
5,39,339,3,4,0
4,34,321,2,6,0
4,56,64,1,19,0
53,28,327,5,0,0
46,37,260,3,13,0
176,7,193,5,3,0
8,68,143,1,16,0
98,37,104,3,13,0
19,56,460,5,15,0
121,65,406,4,13,1
60,65,214,2,15,0
122,47,242,7,19,1
162,20,431,6,7,1
177,19,209,2,2,0
81,29,93,5,18,0
61,74,430,3,0,0
144,60,142,4,1,0
2,18,434,4,14,0
159,92,404,6,9,1
12,35,434,4,17,0
119,43,112,2,13,0
124,95,417,9,16,1
88,91,375,4,12,1
72,11,59,6,0,0
67,49,43,4,4,0
141,38,207,4,12,1
100,64,268,8,13,1
97,69,296,2,2,0
10,8,118,5,14,0
104,34,20,0,18,0
183,48,222,9,16,1
66,56,166,4,2,0
122,76,131,7,15,1
28,65,156,4,13,0
136,31,184,8,11,1
194,4,90,5,11,1
152,50,94,7,10,1
75,69,13,9,16,0
169,30,461,7,7,1
8,88,322,2,16,0
39,59,293,6,19,1
24,67,433,6,10,0
4,75,230,9,1,0
138,45,322,5,9,1
186,4,292,6,9,1
123,26,438,1,10,1
37,27,26,8,5,0
71,46,75,9,3,0
132,64,456,9,11,1
175,91,364,0,10,1
89,51,424,0,12,1
145,50,299,2,4,1
197,6,150,2,5,0
36,59,148,0,0,0
59,15,8,6,5,0
175,30,29,3,17,1
27,42,296,9,8,0
196,37,474,1,14,1
80,42,414,9,7,1
113,35,209,4,18,1
39,87,128,5,15,0
44,6,340,8,5,0
61,68,116,3,5,0
92,18,439,1,2,0
114,73,144,4,9,1
185,29,430,2,0,1
66,77,318,1,13,1
55,59,235,0,3,0
39,47,7,9,11,0
97,17,464,1,5,0
39,96,45,5,10,0
90,22,443,7,11,1
32,68,239,2,9,0
5,69,440,8,17,1
146,37,432,8,6,1
79,49,155,1,6,0
167,13,181,7,10,1
91,34,215,9,3,0
96,86,88,4,19,1
58,53,256,3,0,0
58,87,73,9,12,0
47,51,419,4,17,1
168,3,179,3,8,0
12,42,212,7,8,0
106,98,293,3,8,1
44,32,234,9,9,0
88,51,465,5,1,0
180,85,239,1,5,1
169,46,223,4,14,1
99,21,119,5,2,0
190,44,313,4,10,1
154,11,264,1,5,0
165,68,207,6,2,1
187,1,95,3,10,0
6,92,373,7,14,1
132,63,222,6,12,1
44,24,366,6,19,0
57,99,276,8,9,1
30,13,380,0,5,0
22,98,231,9,14,1
169,11,309,5,17,1
137,51,119,5,17,1
159,17,268,5,6,1
106,99,433,5,14,1
180,82,273,9,17,1
157,86,64,6,17,1
38,24,298,9,19,0
158,19,350,5,8,1
81,37,413,0,1,0
99,85,403,2,7,1
1,8,494,1,19,0
76,28,11,5,1,0
11,5,98,7,10,0
38,17,434,2,6,0
193,36,71,9,5,1
12,19,364,7,9,0
45,64,58,7,4,0
154,91,290,4,10,1
112,98,251,7,0,1
16,11,276,5,1,0
103,54,50,4,0,0
97,45,358,8,18,1
187,47,216,6,1,1
191,12,394,7,19,1
87,21,416,0,3,0
108,11,52,1,11,0
162,92,271,7,19,1
69,5,485,8,17,1
157,81,84,3,0,1
198,56,387,9,0,1
73,20,293,9,13,0
62,41,126,8,3,0
155,46,296,3,4,1
59,12,72,9,10,0
78,70,296,9,12,1
36,17,236,9,15,0
21,19,56,8,12,0
195,26,407,6,1,1
147,48,360,1,15,1
95,52,395,8,5,1
67,96,110,3,13,0
191,70,192,7,0,1
16,55,392,6,16,0
11,75,93,6,10,0
149,33,350,7,18,1
144,62,56,0,2,0
137,88,60,4,10,1
117,23,138,1,4,0
192,15,39,1,16,1
21,27,28,0,6,0
119,75,49,4,9,0
49,64,420,1,10,0
13,81,125,3,2,0
191,51,13,2,19,1
174,53,480,2,9,1
28,78,36,1,9,0
163,91,101,5,13,1
179,82,282,1,11,1
124,92,86,7,14,1
6,51,4,7,9,0
28,47,223,4,9,0
138,4,338,9,18,1
32,7,448,6,0,0
133,35,166,3,9,0
110,48,383,0,1,0
78,73,344,1,16,1
159,72,383,9,6,1
178,45,376,9,6,1
57,81,471,3,19,1
25,81,278,0,8,0
173,97,130,7,1,1
28,96,31,8,13,0
3,72,375,3,16,0
98,19,11,9,0,0
140,63,476,2,8,1
38,38,302,1,19,0
14,67,96,4,18,0
118,59,190,2,3,0
28,69,453,9,7,1
156,13,192,6,12,1
74,47,486,5,3,0
115,61,266,0,8,0
31,31,424,7,8,0
129,80,128,1,17,1
174,96,238,4,11,1
83,22,408,8,9,0
21,93,355,7,10,1
26,86,428,1,6,0
194,43,112,8,8,1
80,67,316,4,5,0
125,54,446,9,18,1
183,10,343,5,15,1
91,42,145,2,14,0
20,64,65,2,6,0
46,21,247,9,15,0
100,80,223,7,4,1
186,76,479,9,15,1
83,66,490,9,0,1
5,41,313,1,18,0
146,24,439,1,4,1
184,35,106,4,6,1
196,56,181,5,18,1
130,30,184,1,4,0
0,57,226,4,16,0
57,94,265,6,7,1
123,47,278,9,0,1
165,35,397,9,1,1
14,19,89,7,14,0
161,8,176,6,19,1
188,26,18,7,17,1
162,71,371,8,10,1
63,30,460,4,9,0
24,7,424,4,3,0
23,67,401,9,4,0
11,65,399,3,3,0
17,36,106,8,12,0
14,25,271,4,12,0
26,37,463,1,17,0
71,1,319,9,1,0
59,15,167,7,15,0
173,37,13,6,0,0
144,13,337,7,18,1
92,8,32,2,8,0
52,5,393,3,2,0
7,60,40,4,6,0
78,73,148,5,9,0
26,1,218,0,0,0
173,36,219,3,9,1
49,35,469,9,8,0
198,66,82,4,14,1
130,63,333,6,14,1
92,23,208,4,2,0
191,9,201,0,4,0
171,34,447,6,8,1
180,46,332,7,8,1
23,78,428,6,6,0
59,4,38,3,11,0
121,30,211,7,8,0
130,95,444,4,5,1
147,75,327,9,1,1
45,99,249,8,8,1
14,72,227,9,16,0
152,3,48,4,0,0
198,14,18,0,18,1
16,60,400,8,5,0
125,77,439,4,4,1
83,45,295,5,1,0
8,96,196,3,8,0
165,34,187,5,13,1
175,45,345,7,3,1
187,61,224,2,3,1
62,83,318,4,14,1
116,16,488,1,7,0
129,66,397,1,3,1
87,40,365,6,15,1
71,17,337,9,3,0
138,34,497,9,15,1
63,16,229,9,11,0
71,60,390,5,15,1
20,66,467,3,18,1
17,66,77,4,7,0
63,90,188,0,5,0
81,13,346,6,9,0
109,56,270,7,4,1
94,31,95,8,17,0
165,34,310,7,9,1
31,39,132,4,9,0
10,67,39,2,6,0
44,8,72,9,17,0
32,87,281,8,0,0
101,78,333,5,6,1
168,55,160,4,0,1
135,27,187,2,14,0
10,93,486,5,3,0
178,53,191,2,19,1
87,39,422,9,9,1
40,65,120,5,8,0
144,17,220,3,1,0
75,30,53,1,13,0
120,53,222,7,15,1
45,13,451,3,0,0
159,21,412,8,1,1
79,19,131,6,6,0
53,53,237,1,9,0
85,19,246,3,19,0
91,57,226,4,0,0
147,25,208,2,12,1
160,86,406,8,0,1
167,31,96,4,4,0
159,81,422,1,15,1
96,55,200,2,14,0
1,23,247,8,16,0
32,32,72,6,15,0
157,62,318,1,12,1
160,74,185,8,10,1
76,10,6,3,16,0
115,72,206,8,16,1
153,54,32,1,1,0
